family,arm,task,primitive,n_eval,metric
dnagpt_pools,1,dna_core,choice,200,0.475
dnagpt_pools,1,dna_splice,choice,200,0.56
dnagpt_pools,1,dna_tf,choice,200,0.545
dnagpt_pools,2,dna_core,choice,200,0.625
dnagpt_pools,2,dna_splice,choice,200,0.56
dnagpt_pools,2,dna_tf,choice,200,0.455
TAPE,1,tape_fluorescence,score,200,0.5683
TAPE,1,tape_stability,score,200,0.0488
TAPE,2,tape_fluorescence,score,200,0.6266
TAPE,2,tape_stability,score,200,0.4331
DeepSTARR,1,deepstarr_dev,score,200,0.0687
DeepSTARR,1,deepstarr_hk,score,200,0.086
DeepSTARR,2,deepstarr_dev,score,200,0.2298
DeepSTARR,2,deepstarr_hk,score,200,0.2046
local_snapshots,1,lg_fold_class,choice,200,0.245
local_snapshots,1,lg_npp,choice,188,0.6755
local_snapshots,1,lg_promoter_detection,choice,200,0.515
local_snapshots,1,lg_signal_peptide,choice,200,0.855
local_snapshots,1,lg_subcellular_loc,choice,195,0.3333
local_snapshots,2,lg_fold_class,choice,200,0.505
local_snapshots,2,lg_npp,choice,200,0.86
local_snapshots,2,lg_promoter_detection,choice,200,0.785
local_snapshots,2,lg_signal_peptide,choice,200,0.855
local_snapshots,2,lg_subcellular_loc,choice,200,0.415
GenomicBenchmarks,2,gb_demo_coding_vs_intergenomic_seqs,noul,200,0.8967
GenomicBenchmarks,2,gb_demo_human_or_worm,noul,200,0.8393
GenomicBenchmarks,2,gb_drosophila_enhancers_stark,noul,86,0.4257
GenomicBenchmarks,2,gb_dummy_mouse_enhancers_ensembl,noul,76,0.7825
GenomicBenchmarks,2,gb_human_enhancers_cohn,noul,200,0.6695
GenomicBenchmarks,2,gb_human_ensembl_regulatory,choice,200,0.515
GenomicBenchmarks,2,gb_human_nontata_promoters,noul,200,0.8337
GenomicBenchmarks,2,gb_human_ocr_ensembl,noul,200,0.5568
